,Date,Open,High,Low,Close,Volume,VZO
0,2023-03-29 18:15:00-05:00,7.391,7.391,7.387,7.387,81.0,
1,2023-03-29 18:30:00-05:00,7.398,7.398,7.398,7.398,3.37,
2,2023-03-29 18:45:00-05:00,7.364,7.364,7.364,7.364,6.71,
3,2023-03-29 19:00:00-05:00,7.386,7.386,7.386,7.386,8.12,
4,2023-03-29 19:15:00-05:00,7.413,7.413,7.413,7.413,8.18,
5,2023-03-29 19:30:00-05:00,7.419,7.419,7.419,7.419,5.73,
6,2023-03-29 19:45:00-05:00,7.368,7.368,7.312,7.312,91.83,
7,2023-03-29 20:00:00-05:00,7.338,7.338,7.296,7.296,80.66,
8,2023-03-29 20:15:00-05:00,7.347,7.364,7.347,7.362,30.0,
9,2023-03-29 20:30:00-05:00,7.362,7.365,7.357,7.357,55.76,
10,2023-03-29 20:45:00-05:00,7.32,7.32,7.318,7.32,4.76,
11,2023-03-29 21:00:00-05:00,7.358,7.358,7.358,7.358,11.31,
12,2023-03-29 21:15:00-05:00,7.366,7.439,7.366,7.439,76.02,
13,2023-03-29 21:30:00-05:00,7.439,7.541,7.439,7.527,791.85,
14,2023-03-29 21:45:00-05:00,7.539,7.539,7.488,7.507,217.66,43.31002038680707
15,2023-03-29 22:00:00-05:00,7.517,7.517,7.258,7.326,1524.78,-46.38845402437954
16,2023-03-29 22:15:00-05:00,7.337,7.37,7.337,7.37,53.11,-42.68811670984397
17,2023-03-29 22:30:00-05:00,7.37,7.37,7.37,7.37,0.0,-42.59572434026785
18,2023-03-29 22:45:00-05:00,7.378,7.409,7.373,7.409,72.38,-36.469126962208485
19,2023-03-29 23:00:00-05:00,7.419,7.426,7.419,7.426,14.43,-35.09459980982892
20,2023-03-29 23:15:00-05:00,7.426,7.457,7.426,7.457,99.54,-25.408588841273197
21,2023-03-29 23:30:00-05:00,7.453,7.453,7.453,7.453,3.47,-25.594352987133792
22,2023-03-29 23:45:00-05:00,7.455,7.479,7.455,7.473,89.45,-15.723199433258433
23,2023-03-30 00:00:00-05:00,7.48,7.494,7.48,7.488,21.63,-13.233370789291872
24,2023-03-30 00:15:00-05:00,7.494,7.522,7.489,7.504,159.43,4.216719294753016
25,2023-03-30 00:30:00-05:00,7.488,7.489,7.466,7.489,326.12,-23.59444895431069
26,2023-03-30 00:45:00-05:00,7.489,7.489,7.489,7.489,0.0,-23.58213819501295
27,2023-03-30 01:00:00-05:00,7.489,7.489,7.489,7.489,56.69,-16.39239710955245
28,2023-03-30 01:15:00-05:00,7.462,7.462,7.425,7.425,99.08,-25.16268216553606
29,2023-03-30 01:30:00-05:00,7.423,7.423,7.401,7.401,115.68,-34.429212976314304
30,2023-03-30 01:45:00-05:00,7.396,7.401,7.391,7.401,10.84,-32.644617995822585
31,2023-03-30 02:00:00-05:00,7.401,7.401,7.401,7.401,0.0,-32.636497195425115
32,2023-03-30 02:15:00-05:00,7.414,7.414,7.403,7.403,18.07,-28.85503965095391
33,2023-03-30 02:30:00-05:00,7.403,7.403,7.403,7.403,0.0,-28.849680125768554
34,2023-03-30 02:45:00-05:00,7.391,7.391,7.382,7.382,24.77,-32.359789877072814
35,2023-03-30 03:00:00-05:00,7.393,7.393,7.393,7.393,2.35,-31.64401103508885
36,2023-03-30 03:15:00-05:00,7.387,7.387,7.383,7.383,59.21,-40.88230458677758
37,2023-03-30 03:30:00-05:00,7.375,7.375,7.338,7.338,76.25,-50.770195339840264
38,2023-03-30 03:45:00-05:00,7.336,7.336,7.332,7.332,7.4,-51.67118581929227
39,2023-03-30 04:00:00-05:00,7.331,7.334,7.325,7.325,30.15,-55.513592595180626
40,2023-03-30 04:15:00-05:00,7.32,7.324,7.29,7.324,101.27,-65.99924409006545
41,2023-03-30 04:30:00-05:00,7.324,7.324,7.324,7.324,0.0,-65.99538963839689
42,2023-03-30 04:45:00-05:00,7.34,7.35,7.34,7.35,235.39,4.003178603305147
43,2023-03-30 05:00:00-05:00,7.357,7.366,7.357,7.366,13.3,6.571726263358769
44,2023-03-30 05:15:00-05:00,7.366,7.366,7.366,7.366,0.0,6.571476919249853
45,2023-03-30 05:30:00-05:00,7.364,7.382,7.36,7.382,38.57,15.319446520767986
46,2023-03-30 05:45:00-05:00,7.383,7.389,7.383,7.389,8.99,17.399082282131065
47,2023-03-30 06:00:00-05:00,7.397,7.402,7.373,7.373,18.45,10.945743637813143
48,2023-03-30 06:15:00-05:00,7.377,7.378,7.377,7.378,101.43,33.96975294958217
49,2023-03-30 06:30:00-05:00,7.4,7.407,7.399,7.407,14.29,36.63245334669102
50,2023-03-30 06:45:00-05:00,7.407,7.407,7.407,7.407,0.0,36.63186562109071
51,2023-03-30 07:00:00-05:00,7.378,7.378,7.343,7.343,23.42,25.580342884130893
52,2023-03-30 07:15:00-05:00,7.34,7.34,7.34,7.34,0.48,25.34029330742577
53,2023-03-30 07:30:00-05:00,7.34,7.34,7.34,7.34,0.0,25.34002879893517
54,2023-03-30 07:45:00-05:00,7.34,7.34,7.34,7.34,0.0,25.33979959172424
55,2023-03-30 08:00:00-05:00,7.333,7.333,7.332,7.332,1.0,24.578471260245575
56,2023-03-30 08:15:00-05:00,7.332,7.332,7.33,7.33,7.07,18.698260729671155
57,2023-03-30 08:30:00-05:00,7.332,7.332,7.312,7.323,120.8,-38.51626249521787
58,2023-03-30 08:45:00-05:00,7.311,7.312,7.302,7.302,9.89,-41.19382908342714
59,2023-03-30 09:00:00-05:00,7.302,7.302,7.265,7.265,38.36,-50.786113878176636
60,2023-03-30 09:15:00-05:00,7.289,7.289,7.289,7.289,0.73,-50.24778302128
61,2023-03-30 09:30:00-05:00,7.289,7.289,7.267,7.289,41.46,-21.768775625409663
62,2023-03-30 09:45:00-05:00,7.292,7.292,7.292,7.292,8.73,-16.407898777908507
63,2023-03-30 10:00:00-05:00,7.285,7.318,7.285,7.318,74.39,18.758262552210986
64,2023-03-30 10:15:00-05:00,7.296,7.296,7.267,7.267,63.7,-8.540600285192857
65,2023-03-30 10:30:00-05:00,7.263,7.268,7.25,7.268,1061.19,79.969580409715
66,2023-03-30 10:45:00-05:00,7.268,7.268,7.268,7.268,0.0,79.9694506149819
67,2023-03-30 11:00:00-05:00,7.245,7.245,7.195,7.223,117.34,60.680323576850576
68,2023-03-30 11:15:00-05:00,7.245,7.256,7.236,7.239,148.07,65.98810582946884
69,2023-03-30 11:30:00-05:00,7.256,7.256,7.248,7.248,35.59,67.21543843896532
70,2023-03-30 11:45:00-05:00,7.223,7.223,7.223,7.223,0.73,67.07268600642506
71,2023-03-30 12:00:00-05:00,7.223,7.223,7.223,7.223,0.0,67.07263278294131
72,2023-03-30 12:15:00-05:00,7.206,7.206,7.195,7.195,9.61,64.61066640569506
73,2023-03-30 12:30:00-05:00,7.195,7.195,7.139,7.174,274.89,10.747920275995357
74,2023-03-30 12:45:00-05:00,7.158,7.158,7.158,7.158,0.74,10.635468294973816
75,2023-03-30 13:00:00-05:00,7.148,7.148,7.148,7.148,0.79,10.49726458372016
76,2023-03-30 13:15:00-05:00,7.18,7.18,7.18,7.18,0.74,10.617934422304005
77,2023-03-30 13:30:00-05:00,7.18,7.18,7.18,7.18,0.0,10.617930852118057
78,2023-03-30 13:45:00-05:00,7.18,7.18,7.18,7.18,0.0,10.617927757971465
79,2023-03-30 14:00:00-05:00,7.18,7.18,7.18,7.18,0.0,10.617925076388694
80,2023-03-30 14:15:00-05:00,7.2,7.229,7.2,7.229,24.35,17.13435620343788
81,2023-03-30 14:30:00-05:00,7.229,7.229,7.229,7.229,0.0,17.134352953158018
82,2023-03-30 14:45:00-05:00,7.229,7.229,7.229,7.229,0.0,17.134350136256288
83,2023-03-30 15:00:00-05:00,7.219,7.219,7.219,7.219,0.27,16.989065309037596
84,2023-03-30 15:15:00-05:00,7.201,7.201,7.201,7.201,0.74,16.53198589803137
85,2023-03-30 15:30:00-05:00,7.223,7.245,7.223,7.245,20.92,25.967098140388828
86,2023-03-30 15:45:00-05:00,7.247,7.247,7.247,7.247,23.29,35.354039441648716
87,2023-03-30 16:00:00-05:00,7.223,7.223,7.223,7.223,0.73,34.73618416362039
88,2023-03-30 16:15:00-05:00,7.21,7.21,7.21,7.21,2.76,32.1054985180872
89,2023-03-30 16:30:00-05:00,7.201,7.201,7.201,7.201,0.74,31.31233735456536
90,2023-03-30 16:45:00-05:00,7.223,7.223,7.223,7.223,0.74,31.78490768497075
91,2023-03-30 17:00:00-05:00,7.245,7.25,7.245,7.25,6.95,36.517956190947956
92,2023-03-30 17:15:00-05:00,7.256,7.273,7.245,7.245,153.18,-50.617788986467296
93,2023-03-30 17:30:00-05:00,7.223,7.223,7.223,7.223,4.88,-51.74985133183435
94,2023-03-30 17:45:00-05:00,7.206,7.206,7.195,7.195,9.71,-54.16236450791959
95,2023-03-30 18:00:00-05:00,7.194,7.216,7.194,7.216,9.58,-45.86000276663853
96,2023-03-30 18:15:00-05:00,7.223,7.231,7.223,7.231,16.34,-31.882055138918805
97,2023-03-30 18:30:00-05:00,7.231,7.231,7.231,7.231,0.0,-31.8820545262503
98,2023-03-30 18:45:00-05:00,7.231,7.231,7.231,7.231,0.0,-31.88205399527109
99,2023-03-30 19:00:00-05:00,7.245,7.256,7.245,7.256,9.22,-21.767190027520698
100,2023-03-30 19:15:00-05:00,7.267,7.287,7.267,7.284,128.24,45.41735867749714
101,2023-03-30 19:30:00-05:00,7.289,7.292,7.289,7.292,10.74,48.18024554145331
102,2023-03-30 19:45:00-05:00,7.292,7.309,7.292,7.307,24.26,54.219994147507
103,2023-03-30 20:00:00-05:00,7.311,7.352,7.311,7.352,66.24,66.51546673370908
104,2023-03-30 20:15:00-05:00,7.353,7.356,7.333,7.333,4.7,62.93282451445168
105,2023-03-30 20:30:00-05:00,7.311,7.311,7.289,7.289,49.87,28.962377658662003
106,2023-03-30 20:45:00-05:00,7.287,7.287,7.278,7.278,33.5,11.021164713483603
107,2023-03-30 21:00:00-05:00,7.311,7.357,7.298,7.357,62.39,31.49971598894868
108,2023-03-30 21:15:00-05:00,7.333,7.355,7.333,7.355,14.42,23.8953055672542
109,2023-03-30 21:30:00-05:00,7.355,7.355,7.355,7.355,0.0,23.895305484799334
110,2023-03-30 21:45:00-05:00,7.331,7.363,7.331,7.363,4.68,25.750588358888873
111,2023-03-30 22:00:00-05:00,7.343,7.343,7.337,7.339,4.7,22.295887306997173
112,2023-03-30 22:15:00-05:00,7.339,7.339,7.339,7.339,0.0,22.295887256914824
113,2023-03-30 22:30:00-05:00,7.366,7.37,7.366,7.37,13.99,29.925082084740517
114,2023-03-30 22:45:00-05:00,7.374,7.378,7.365,7.378,73.66,56.106638239856
115,2023-03-30 23:00:00-05:00,7.383,7.413,7.383,7.403,212.59,80.4414639690653
116,2023-03-30 23:15:00-05:00,7.38,7.38,7.356,7.363,81.5,44.90491889168872
117,2023-03-30 23:30:00-05:00,7.378,7.378,7.378,7.378,0.72,45.015302174638556
118,2023-03-30 23:45:00-05:00,7.378,7.378,7.378,7.378,0.0,45.01530213179034
119,2023-03-31 00:00:00-05:00,7.378,7.378,7.378,7.378,0.0,45.01530209465523
120,2023-03-31 00:15:00-05:00,7.356,7.356,7.351,7.351,9.05,39.6142277749363
121,2023-03-31 00:30:00-05:00,7.36,7.36,7.36,7.36,1.78,40.120360948495176
122,2023-03-31 00:45:00-05:00,7.343,7.343,7.329,7.331,30.77,20.05029376462809
123,2023-03-31 01:00:00-05:00,7.323,7.323,7.321,7.321,7.57,15.359802066446852
124,2023-03-31 01:15:00-05:00,7.329,7.329,7.329,7.329,12.81,21.359155774194914
125,2023-03-31 01:30:00-05:00,7.356,7.356,7.356,7.356,0.72,21.719000733073415
126,2023-03-31 01:45:00-05:00,7.378,7.385,7.378,7.381,6.62,25.343183815538563
127,2023-03-31 02:00:00-05:00,7.381,7.381,7.381,7.381,0.0,25.343183808884255
128,2023-03-31 02:15:00-05:00,7.356,7.378,7.304,7.378,52.79,-15.96291847350724
129,2023-03-31 02:30:00-05:00,7.383,7.436,7.343,7.421,225.44,55.80396104300237
130,2023-03-31 02:45:00-05:00,7.436,7.525,7.425,7.516,250.65,75.36375013610217
131,2023-03-31 03:00:00-05:00,7.517,7.586,7.411,7.481,4185.26,-81.59248697138307
132,2023-03-31 03:15:00-05:00,7.473,7.474,7.441,7.441,67.74,-81.89511227149316
133,2023-03-31 03:30:00-05:00,7.431,7.431,7.404,7.411,70.84,-82.24728535448048
134,2023-03-31 03:45:00-05:00,7.445,7.453,7.445,7.446,21.91,-80.9908829298027
135,2023-03-31 04:00:00-05:00,7.456,7.468,7.446,7.468,67.93,-76.63465344575825
136,2023-03-31 04:15:00-05:00,7.446,7.469,7.436,7.445,111.81,-77.65601975371726
137,2023-03-31 04:30:00-05:00,7.423,7.423,7.423,7.423,0.71,-77.66317387137968
138,2023-03-31 04:45:00-05:00,7.413,7.413,7.412,7.412,6.82,-77.74216035034148
139,2023-03-31 05:00:00-05:00,7.445,7.445,7.445,7.445,0.71,-77.66669297712636
140,2023-03-31 05:15:00-05:00,7.446,7.446,7.446,7.446,2.85,-77.31798973983594
141,2023-03-31 05:30:00-05:00,7.446,7.446,7.446,7.446,0.0,-77.31798973709783
142,2023-03-31 05:45:00-05:00,7.423,7.429,7.423,7.429,61.29,-78.52477041116441
143,2023-03-31 06:00:00-05:00,7.43,7.445,7.43,7.445,51.76,-69.72550404330495
144,2023-03-31 06:15:00-05:00,7.457,7.476,7.457,7.476,7.66,-68.30893559611475
145,2023-03-31 06:30:00-05:00,7.476,7.487,7.476,7.487,23.5,-63.479020646546985
146,2023-03-31 06:45:00-05:00,7.487,7.508,7.487,7.508,72.6,-48.30803949325587
147,2023-03-31 07:00:00-05:00,7.513,7.517,7.513,7.516,38.89,-40.262722944496495
148,2023-03-31 07:15:00-05:00,7.49,7.49,7.49,7.49,0.71,-40.330909094978
149,2023-03-31 07:30:00-05:00,7.473,7.57,7.473,7.564,764.61,41.97221167212009
150,2023-03-31 07:45:00-05:00,7.558,7.591,7.534,7.586,58.94,44.84916691809309
151,2023-03-31 08:00:00-05:00,7.586,7.613,7.565,7.565,403.8,4.0640371790821455
152,2023-03-31 08:15:00-05:00,7.601,7.643,7.596,7.626,89.59,10.514344389772361
153,2023-03-31 08:30:00-05:00,7.631,7.672,7.623,7.64,420.42,34.397475026351984
154,2023-03-31 08:45:00-05:00,7.623,7.654,7.601,7.601,469.99,-0.021480529593791105
155,2023-03-31 09:00:00-05:00,7.601,7.601,7.601,7.601,0.0,-0.021480529593688506
156,2023-03-31 09:15:00-05:00,7.623,7.623,7.623,7.623,0.7,0.0292868332553567
157,2023-03-31 09:30:00-05:00,7.636,7.636,7.636,7.636,3.37,0.31036111910311026
158,2023-03-31 09:45:00-05:00,7.63,7.635,7.63,7.635,5.65,-0.2322702161168503
159,2023-03-31 10:00:00-05:00,7.646,7.665,7.646,7.665,55.69,5.576898800171581
160,2023-03-31 10:15:00-05:00,7.623,7.623,7.594,7.604,142.88,-9.884478431453815
161,2023-03-31 10:30:00-05:00,7.592,7.592,7.571,7.577,187.3,-26.226134242011053
162,2023-03-31 10:45:00-05:00,7.565,7.566,7.565,7.566,84.76,-32.607439136283666
163,2023-03-31 11:00:00-05:00,7.578,7.578,7.564,7.572,66.49,-22.979096351588538
164,2023-03-31 11:15:00-05:00,7.562,7.562,7.523,7.523,76.4,-29.742442782933942
165,2023-03-31 11:30:00-05:00,7.53,7.533,7.521,7.526,52.06,-21.36330863508979
166,2023-03-31 11:45:00-05:00,7.545,7.6,7.545,7.592,1417.97,59.94188988007173
167,2023-03-31 12:00:00-05:00,7.577,7.606,7.577,7.6,160.2,63.1592709254924
168,2023-03-31 12:15:00-05:00,7.608,7.619,7.608,7.619,31.19,63.81221327062565
169,2023-03-31 12:30:00-05:00,7.591,7.591,7.551,7.551,17.62,61.94134675878482
170,2023-03-31 12:45:00-05:00,7.542,7.549,7.537,7.549,42.72,56.92752495111604
171,2023-03-31 13:00:00-05:00,7.549,7.549,7.549,7.549,0.0,56.92752495108851
172,2023-03-31 13:15:00-05:00,7.579,7.597,7.579,7.597,47.62,58.819672106315046
173,2023-03-31 13:30:00-05:00,7.601,7.616,7.601,7.616,16.53,59.53170709506091
174,2023-03-31 13:45:00-05:00,7.616,7.616,7.616,7.616,0.0,59.53170709504216
175,2023-03-31 14:00:00-05:00,7.616,7.616,7.616,7.616,0.0,59.53170709502591
176,2023-03-31 14:15:00-05:00,7.603,7.606,7.603,7.606,272.92,10.897680600201936
177,2023-03-31 14:30:00-05:00,7.619,7.639,7.619,7.639,21.96,13.350162699246852
178,2023-03-31 14:45:00-05:00,7.612,7.612,7.61,7.61,7.95,12.061744309947997
179,2023-03-31 15:00:00-05:00,7.621,7.621,7.621,7.621,3.93,12.628217410478229
180,2023-03-31 15:15:00-05:00,7.621,7.621,7.621,7.621,0.0,12.62821741047654
181,2023-03-31 15:30:00-05:00,7.645,7.648,7.645,7.648,14.03,15.22380853991843
182,2023-03-31 15:45:00-05:00,7.655,7.655,7.643,7.643,40.24,4.909759672207514
183,2023-03-31 16:00:00-05:00,7.643,7.643,7.643,7.643,0.0,4.9097596722070875
184,2023-03-31 16:15:00-05:00,7.623,7.634,7.62,7.634,33.6,-4.5849354904125175
185,2023-03-31 16:30:00-05:00,7.644,7.646,7.643,7.646,13.49,-0.3765270956567195
186,2023-03-31 16:45:00-05:00,7.638,7.642,7.623,7.633,155.37,-35.088198737703145
187,2023-03-31 17:00:00-05:00,7.601,7.605,7.601,7.605,3.99,-35.75152971650264
188,2023-03-31 17:15:00-05:00,7.623,7.631,7.623,7.625,42.45,-20.62012958577083
189,2023-03-31 17:30:00-05:00,7.646,7.646,7.646,7.646,0.69,-20.368497205950323
190,2023-03-31 17:45:00-05:00,7.646,7.646,7.646,7.646,0.0,-20.368497205949676
191,2023-03-31 18:00:00-05:00,7.646,7.646,7.646,7.646,0.0,-20.36849720594911
192,2023-03-31 18:15:00-05:00,7.623,7.623,7.623,7.623,0.69,-20.622878866677357
193,2023-03-31 18:30:00-05:00,7.613,7.613,7.601,7.601,35.7,-33.336174611411266
194,2023-03-31 18:45:00-05:00,7.599,7.599,7.574,7.587,52.74,-47.63301820476033
195,2023-03-31 19:00:00-05:00,7.593,7.608,7.592,7.608,257.36,33.12305473201973
196,2023-03-31 19:15:00-05:00,7.617,7.623,7.601,7.609,285.67,60.674240893698865
197,2023-03-31 19:30:00-05:00,7.583,7.583,7.565,7.565,9.85,58.083230363377595
198,2023-03-31 19:45:00-05:00,7.559,7.564,7.559,7.564,12.34,54.48218849735822
199,2023-03-31 20:00:00-05:00,7.559,7.559,7.554,7.554,7.34,52.104185808892986
200,2023-03-31 20:15:00-05:00,7.554,7.554,7.554,7.554,0.0,52.10418580889259
201,2023-03-31 20:30:00-05:00,7.554,7.554,7.554,7.554,0.0,52.10418580889224
202,2023-03-31 20:45:00-05:00,7.579,7.579,7.579,7.579,0.7,52.211956056996556
203,2023-03-31 21:00:00-05:00,7.601,7.627,7.596,7.627,16.19,54.91897808674632
204,2023-03-31 21:15:00-05:00,7.61,7.61,7.601,7.601,52.08,28.005327266077405
205,2023-03-31 21:30:00-05:00,7.579,7.579,7.574,7.574,4.82,25.673819987620636
206,2023-03-31 21:45:00-05:00,7.601,7.601,7.601,7.601,0.7,25.89998526740811
207,2023-03-31 22:00:00-05:00,7.579,7.579,7.579,7.579,0.7,25.4594957621315
208,2023-03-31 22:15:00-05:00,7.565,7.565,7.565,7.565,4.91,22.004735364577705
209,2023-03-31 22:30:00-05:00,7.557,7.557,7.551,7.553,32.18,0.9771278227585051
210,2023-03-31 22:45:00-05:00,7.553,7.553,7.553,7.553,0.0,0.9771278227585032
211,2023-03-31 23:00:00-05:00,7.579,7.593,7.579,7.593,2.08,2.4243254654151984
212,2023-03-31 23:15:00-05:00,7.582,7.582,7.582,7.582,2.73,0.206459661223911
213,2023-03-31 23:30:00-05:00,7.582,7.582,7.582,7.582,0.0,0.20645966122391077
214,2023-03-31 23:45:00-05:00,7.6,7.6,7.6,7.6,5.0,5.211318201095408
215,2023-04-01 00:00:00-05:00,7.6,7.6,7.6,7.6,0.0,5.211318201095404
216,2023-04-01 00:15:00-05:00,7.557,7.557,7.557,7.557,0.7,4.236923728525843
217,2023-04-01 00:30:00-05:00,7.571,7.571,7.571,7.571,30.1,34.38653348699248
218,2023-04-01 00:45:00-05:00,7.579,7.579,7.579,7.579,0.7,34.9362040191722
219,2023-04-01 01:00:00-05:00,7.579,7.579,7.579,7.579,0.0,34.93620401917219
220,2023-04-01 01:15:00-05:00,7.557,7.557,7.519,7.519,34.24,-12.69418809623124
221,2023-04-01 01:30:00-05:00,7.524,7.524,7.49,7.513,153.92,-69.15970909441764
222,2023-04-01 01:45:00-05:00,7.535,7.551,7.533,7.551,13.11,-59.050202621160444
223,2023-04-01 02:00:00-05:00,7.557,7.557,7.557,7.557,3.31,-56.32847706652079
224,2023-04-01 02:15:00-05:00,7.557,7.563,7.557,7.558,87.43,-2.743353832598396
225,2023-04-01 02:30:00-05:00,7.566,7.568,7.566,7.568,7.98,0.8363648257792224
226,2023-04-01 02:45:00-05:00,7.568,7.568,7.568,7.568,0.0,0.8363648257792224
227,2023-04-01 03:00:00-05:00,7.544,7.544,7.544,7.544,1.44,-0.0006779014328718241
228,2023-04-01 03:15:00-05:00,7.535,7.535,7.535,7.535,0.7,-0.46411796005301637
229,2023-04-01 03:30:00-05:00,7.535,7.535,7.535,7.535,0.0,-0.46411796005301637
230,2023-04-01 03:45:00-05:00,7.55,7.55,7.55,7.55,2.25,1.4895868538228556
231,2023-04-01 04:00:00-05:00,7.557,7.557,7.557,7.557,0.7,2.172510746403886
232,2023-04-01 04:15:00-05:00,7.573,7.573,7.573,7.573,0.53,2.761428265832111
233,2023-04-01 04:30:00-05:00,7.57,7.57,7.57,7.57,3.31,-1.5110617185701976
234,2023-04-01 04:45:00-05:00,7.57,7.57,7.57,7.57,0.0,-1.511061718570197
235,2023-04-01 05:00:00-05:00,7.57,7.57,7.57,7.57,0.0,-1.511061718570197
236,2023-04-01 05:15:00-05:00,7.57,7.57,7.57,7.57,0.0,-1.5110617185701969
237,2023-04-01 05:30:00-05:00,7.57,7.57,7.57,7.57,0.0,-1.5110617185701969
238,2023-04-01 05:45:00-05:00,7.578,7.588,7.578,7.588,14.79,26.438789606286356
239,2023-04-01 06:00:00-05:00,7.588,7.588,7.588,7.588,0.0,26.438789606286356
240,2023-04-01 06:15:00-05:00,7.557,7.557,7.535,7.535,1.4,22.198573953964818
241,2023-04-01 06:30:00-05:00,7.535,7.535,7.535,7.535,0.0,22.198573953964818
242,2023-04-01 06:45:00-05:00,7.534,7.534,7.516,7.516,17.94,-22.27216870396138
243,2023-04-01 07:00:00-05:00,7.516,7.516,7.516,7.516,0.0,-22.27216870396138
244,2023-04-01 07:15:00-05:00,7.516,7.516,7.516,7.516,0.0,-22.272168703961384
245,2023-04-01 07:30:00-05:00,7.516,7.516,7.516,7.516,0.0,-22.272168703961384
246,2023-04-01 07:45:00-05:00,7.516,7.516,7.516,7.516,0.0,-22.27216870396138
247,2023-04-01 08:00:00-05:00,7.516,7.516,7.516,7.516,0.0,-22.272168703961377
248,2023-04-01 08:15:00-05:00,7.525,7.525,7.525,7.525,35.17,54.43770094869558
249,2023-04-01 08:30:00-05:00,7.516,7.516,7.516,7.516,3.32,44.55937156380635
250,2023-04-01 08:45:00-05:00,7.516,7.516,7.516,7.516,0.0,44.55937156380636
251,2023-04-01 09:00:00-05:00,7.519,7.522,7.515,7.515,42.54,-30.87095168747096
252,2023-04-01 09:15:00-05:00,7.513,7.513,7.486,7.491,28.47,-50.72549414466143
253,2023-04-01 09:30:00-05:00,7.5,7.5,7.456,7.461,113.87,-78.81092424791274
254,2023-04-01 09:45:00-05:00,7.498,7.499,7.496,7.497,180.0,12.330768690004621
255,2023-04-01 10:00:00-05:00,7.489,7.497,7.483,7.497,103.16,34.43143842637934
256,2023-04-01 10:15:00-05:00,7.497,7.497,7.497,7.497,0.0,34.43143842637933
257,2023-04-01 10:30:00-05:00,7.468,7.468,7.468,7.468,0.71,34.1216252586395
258,2023-04-01 10:45:00-05:00,7.471,7.471,7.471,7.471,1.0,34.367440002945195
259,2023-04-01 11:00:00-05:00,7.491,7.491,7.491,7.491,0.71,34.5674561756227
260,2023-04-01 11:15:00-05:00,7.513,7.53,7.513,7.526,89.35,54.64001648484958
261,2023-04-01 11:30:00-05:00,7.526,7.526,7.526,7.526,0.0,54.64001648484958
262,2023-04-01 11:45:00-05:00,7.49,7.49,7.442,7.443,237.97,-25.930117842393855
263,2023-04-01 12:00:00-05:00,7.443,7.443,7.443,7.443,0.0,-25.930117842393848
264,2023-04-01 12:15:00-05:00,7.443,7.443,7.443,7.443,0.0,-25.93011784239385
265,2023-04-01 12:30:00-05:00,7.468,7.468,7.468,7.468,0.71,-25.6301146922437
266,2023-04-01 12:45:00-05:00,7.468,7.468,7.468,7.468,0.0,-25.630114692243698
267,2023-04-01 13:00:00-05:00,7.468,7.468,7.468,7.468,0.0,-25.630114692243698
268,2023-04-01 13:15:00-05:00,7.468,7.468,7.468,7.468,0.0,-25.630114692243698
269,2023-04-01 13:30:00-05:00,7.468,7.468,7.468,7.468,0.0,-25.6301146922437
270,2023-04-01 13:45:00-05:00,7.487,7.494,7.487,7.494,6.66,-20.139300852145638
271,2023-04-01 14:00:00-05:00,7.494,7.512,7.494,7.501,8.17,-13.139996802383688
272,2023-04-01 14:15:00-05:00,7.471,7.471,7.471,7.471,55.17,-40.25888658537363
273,2023-04-01 14:30:00-05:00,7.471,7.471,7.471,7.471,0.0,-40.258886585373624
274,2023-04-01 14:45:00-05:00,7.471,7.471,7.471,7.471,0.0,-40.258886585373624
275,2023-04-01 15:00:00-05:00,7.507,7.517,7.507,7.517,10.31,-28.72161913000369
276,2023-04-01 15:15:00-05:00,7.517,7.517,7.517,7.517,0.28,-28.390676029094305
277,2023-04-01 15:30:00-05:00,7.517,7.538,7.517,7.538,18.62,-7.2357714621086515
278,2023-04-01 15:45:00-05:00,7.538,7.538,7.538,7.538,0.0,-7.235771462108651
279,2023-04-01 16:00:00-05:00,7.513,7.52,7.513,7.52,22.57,-26.720975581860323
280,2023-04-01 16:15:00-05:00,7.51,7.511,7.51,7.511,97.91,-64.27852317481577
281,2023-04-01 16:30:00-05:00,7.511,7.511,7.511,7.511,0.0,-64.27852317481577
282,2023-04-01 16:45:00-05:00,7.511,7.511,7.511,7.511,0.0,-64.27852317481579
283,2023-04-01 17:00:00-05:00,7.511,7.511,7.511,7.511,0.0,-64.2785231748158
284,2023-04-01 17:15:00-05:00,7.525,7.525,7.525,7.525,26.58,-31.778620683847517
285,2023-04-01 17:30:00-05:00,7.535,7.535,7.535,7.535,0.7,-30.99115036350949
286,2023-04-01 17:45:00-05:00,7.548,7.556,7.548,7.552,11.56,-17.600377226496533
287,2023-04-01 18:00:00-05:00,7.546,7.546,7.542,7.542,1.16,-18.564265673739577
288,2023-04-01 18:15:00-05:00,7.542,7.542,7.542,7.542,0.0,-18.564265673739577
289,2023-04-01 18:30:00-05:00,7.542,7.542,7.542,7.542,0.0,-18.564265673739577
290,2023-04-01 18:45:00-05:00,7.542,7.542,7.542,7.542,0.0,-18.56426567373958
291,2023-04-01 19:00:00-05:00,7.542,7.542,7.542,7.542,0.0,-18.56426567373958
292,2023-04-01 19:15:00-05:00,7.513,7.513,7.513,7.513,0.7,-19.723232519550056
293,2023-04-01 19:30:00-05:00,7.503,7.503,7.488,7.488,13.27,-38.78069856834885
294,2023-04-01 19:45:00-05:00,7.499,7.499,7.479,7.479,7.35,-46.84527362503086
295,2023-04-01 20:00:00-05:00,7.479,7.479,7.479,7.479,0.0,-46.84527362503086
296,2023-04-01 20:15:00-05:00,7.479,7.479,7.479,7.479,0.0,-46.84527362503086
297,2023-04-01 20:30:00-05:00,7.476,7.476,7.476,7.476,4.67,-52.90114607963531
298,2023-04-01 20:45:00-05:00,7.473,7.473,7.472,7.472,7.44,-61.056980756621606
299,2023-04-01 21:00:00-05:00,7.47,7.47,7.463,7.463,6.18,-66.60023646435697
300,2023-04-01 21:15:00-05:00,7.462,7.462,7.449,7.458,16.4,-76.7387067020712
301,2023-04-01 21:30:00-05:00,7.458,7.458,7.458,7.458,0.0,-76.7387067020712
302,2023-04-01 21:45:00-05:00,7.458,7.458,7.458,7.458,0.0,-76.7387067020712
303,2023-04-01 22:00:00-05:00,7.458,7.458,7.458,7.458,0.0,-76.7387067020712
304,2023-04-01 22:15:00-05:00,7.458,7.458,7.458,7.458,0.0,-76.7387067020712
305,2023-04-01 22:30:00-05:00,7.49,7.49,7.49,7.49,0.71,-72.11280649927221
306,2023-04-01 22:45:00-05:00,7.49,7.49,7.49,7.49,0.0,-72.11280649927221
307,2023-04-01 23:00:00-05:00,7.49,7.49,7.49,7.49,0.0,-72.11280649927221
308,2023-04-01 23:15:00-05:00,7.496,7.499,7.491,7.491,104.46,75.11244046627682
309,2023-04-01 23:30:00-05:00,7.491,7.491,7.491,7.491,0.0,75.11244046627682
310,2023-04-01 23:45:00-05:00,7.491,7.491,7.491,7.491,0.0,75.11244046627684
311,2023-04-02 00:00:00-05:00,7.491,7.491,7.491,7.491,0.0,75.11244046627684
312,2023-04-02 00:15:00-05:00,7.493,7.493,7.489,7.489,40.32,10.464568415722104
313,2023-04-02 00:30:00-05:00,7.508,7.517,7.508,7.517,15.71,23.20977154604761
314,2023-04-02 00:45:00-05:00,7.517,7.517,7.517,7.517,0.0,23.20977154604761
315,2023-04-02 01:00:00-05:00,7.517,7.517,7.517,7.517,0.0,23.209771546047612
316,2023-04-02 01:15:00-05:00,7.517,7.517,7.517,7.517,0.0,23.209771546047612
317,2023-04-02 01:30:00-05:00,7.517,7.517,7.517,7.517,0.0,23.209771546047616
318,2023-04-02 01:45:00-05:00,7.517,7.517,7.517,7.517,0.0,23.209771546047616
319,2023-04-02 02:00:00-05:00,7.517,7.517,7.517,7.517,0.0,23.209771546047616
320,2023-04-02 02:15:00-05:00,7.517,7.517,7.517,7.517,0.0,23.209771546047616
321,2023-04-02 02:30:00-05:00,7.517,7.517,7.517,7.517,0.0,23.20977154604762
322,2023-04-02 02:45:00-05:00,7.517,7.517,7.517,7.517,0.0,23.20977154604762
323,2023-04-02 03:00:00-05:00,7.49,7.49,7.49,7.49,0.71,19.98108527263458
324,2023-04-02 03:15:00-05:00,7.49,7.49,7.49,7.49,0.0,19.981085272634576
325,2023-04-02 03:30:00-05:00,7.473,7.473,7.473,7.473,4.97,-3.568944867583253
326,2023-04-02 03:45:00-05:00,7.468,7.468,7.453,7.462,10.9,-35.57101077899756
327,2023-04-02 04:00:00-05:00,7.462,7.462,7.462,7.462,0.0,-35.57101077899756
328,2023-04-02 04:15:00-05:00,7.462,7.462,7.462,7.462,0.0,-35.57101077899756
329,2023-04-02 04:30:00-05:00,7.462,7.462,7.462,7.462,0.0,-35.57101077899756
330,2023-04-02 04:45:00-05:00,7.49,7.49,7.49,7.49,0.71,-30.568112193634455
331,2023-04-02 05:00:00-05:00,7.468,7.468,7.468,7.468,0.71,-33.403761203890504
332,2023-04-02 05:15:00-05:00,7.468,7.468,7.468,7.468,0.0,-33.4037612038905
333,2023-04-02 05:30:00-05:00,7.468,7.468,7.468,7.468,0.0,-33.403761203890504
334,2023-04-02 05:45:00-05:00,7.468,7.468,7.468,7.468,0.0,-33.403761203890504
335,2023-04-02 06:00:00-05:00,7.445,7.445,7.442,7.442,9.73,-66.56922455968585
336,2023-04-02 06:15:00-05:00,7.442,7.442,7.442,7.442,0.0,-66.56922455968586
337,2023-04-02 06:30:00-05:00,7.442,7.442,7.442,7.442,0.0,-66.56922455968586
338,2023-04-02 06:45:00-05:00,7.442,7.442,7.442,7.442,0.0,-66.56922455968585
339,2023-04-02 07:00:00-05:00,7.436,7.436,7.426,7.426,40.47,-92.84373681286648
340,2023-04-02 07:15:00-05:00,7.426,7.426,7.426,7.426,0.0,-92.8437368128665
341,2023-04-02 07:30:00-05:00,7.434,7.434,7.398,7.398,86.87,-97.79539771641873
342,2023-04-02 07:45:00-05:00,7.404,7.404,7.393,7.393,158.11,-99.10130744771281
343,2023-04-02 08:00:00-05:00,7.39,7.39,7.365,7.365,737.51,-99.78542040189257
344,2023-04-02 08:15:00-05:00,7.388,7.388,7.373,7.373,10.69,-97.27385837040292
345,2023-04-02 08:30:00-05:00,7.4,7.4,7.388,7.388,8.83,-94.93820715470207
346,2023-04-02 08:45:00-05:00,7.41,7.411,7.403,7.403,56.7,-79.21693257673546
347,2023-04-02 09:00:00-05:00,7.403,7.403,7.403,7.403,0.0,-79.21693257673543
348,2023-04-02 09:15:00-05:00,7.378,7.4,7.378,7.4,1.44,-79.27345138831461
349,2023-04-02 09:30:00-05:00,7.4,7.4,7.4,7.4,0.0,-79.27345138831463
350,2023-04-02 09:45:00-05:00,7.406,7.406,7.406,7.406,8.48,-75.53091387301828
351,2023-04-02 10:00:00-05:00,7.378,7.378,7.296,7.305,451.1,-89.27439656474999
352,2023-04-02 10:15:00-05:00,7.293,7.311,7.275,7.311,46.42,-77.44090233544551
353,2023-04-02 10:30:00-05:00,7.311,7.311,7.311,7.311,4.23,-76.28209171680332
354,2023-04-02 10:45:00-05:00,7.311,7.311,7.311,7.311,0.0,-76.28209171680332
355,2023-04-02 11:00:00-05:00,7.311,7.311,7.311,7.311,0.0,-76.28209171680331
356,2023-04-02 11:15:00-05:00,7.311,7.311,7.311,7.311,0.0,-76.28209171680331
357,2023-04-02 11:30:00-05:00,7.321,7.321,7.289,7.289,108.72,-81.72061519374348
358,2023-04-02 11:45:00-05:00,7.289,7.289,7.289,7.289,0.0,-81.7206151937435
359,2023-04-02 12:00:00-05:00,7.289,7.289,7.289,7.289,0.0,-81.7206151937435
360,2023-04-02 12:15:00-05:00,7.311,7.326,7.311,7.326,1.73,-80.707726498604
361,2023-04-02 12:30:00-05:00,7.328,7.363,7.328,7.358,97.41,-32.66568318809075
362,2023-04-02 12:45:00-05:00,7.356,7.356,7.356,7.356,13.91,-35.49143255709158
363,2023-04-02 13:00:00-05:00,7.356,7.356,7.356,7.356,0.0,-35.49143255709158
364,2023-04-02 13:15:00-05:00,7.333,7.334,7.32,7.334,3.44,-36.37062104284888
365,2023-04-02 13:30:00-05:00,7.334,7.334,7.334,7.334,0.0,-36.370621042848875
366,2023-04-02 13:45:00-05:00,7.311,7.311,7.296,7.296,14.17,-40.7957383179901
367,2023-04-02 14:00:00-05:00,7.296,7.296,7.291,7.291,3.31,-41.885071809747814
368,2023-04-02 14:15:00-05:00,7.289,7.304,7.289,7.304,3.14,-39.083934389584364
369,2023-04-02 14:30:00-05:00,7.283,7.283,7.212,7.212,158.16,-71.63256404837665
370,2023-04-02 14:45:00-05:00,7.226,7.226,7.207,7.207,5.33,-72.20995317520165
371,2023-04-02 15:00:00-05:00,7.249,7.259,7.245,7.256,51.67,-40.273701948536164
372,2023-04-02 15:15:00-05:00,7.256,7.256,7.256,7.256,0.0,-40.27370194853617
373,2023-04-02 15:30:00-05:00,7.256,7.256,7.256,7.256,0.0,-40.273701948536164
374,2023-04-02 15:45:00-05:00,7.267,7.273,7.267,7.273,4.88,-36.598372346276314
375,2023-04-02 16:00:00-05:00,7.274,7.279,7.274,7.279,20.99,-20.879761828845357
376,2023-04-02 16:15:00-05:00,7.279,7.279,7.279,7.279,0.0,-20.879761828845353
377,2023-04-02 16:30:00-05:00,7.281,7.281,7.263,7.263,19.62,-30.79071389948669
378,2023-04-02 16:45:00-05:00,7.263,7.263,7.263,7.263,0.0,-30.790713899486686
379,2023-04-02 17:00:00-05:00,7.245,7.245,7.245,7.245,0.73,-31.21751479693122
380,2023-04-02 17:15:00-05:00,7.226,7.226,7.223,7.223,9.88,-37.25964293990698
381,2023-04-02 17:30:00-05:00,7.25,7.25,7.25,7.25,27.6,-6.97108953452731
382,2023-04-02 17:45:00-05:00,7.245,7.273,7.245,7.273,20.88,10.305926426217486
383,2023-04-02 18:00:00-05:00,7.279,7.28,7.201,7.206,40.62,-19.044082905500776
384,2023-04-02 18:15:00-05:00,7.198,7.23,7.198,7.223,7.83,-12.392623343960373
385,2023-04-02 18:30:00-05:00,7.245,7.245,7.245,7.245,0.73,-11.721111934982398
386,2023-04-02 18:45:00-05:00,7.256,7.256,7.256,7.256,4.33,-7.332183542254058
387,2023-04-02 19:00:00-05:00,7.256,7.256,7.256,7.256,0.0,-7.332183542254059
388,2023-04-02 19:15:00-05:00,7.256,7.256,7.256,7.256,0.0,-7.332183542254059
389,2023-04-02 19:30:00-05:00,7.223,7.223,7.223,7.223,0.73,-8.265512134374214
390,2023-04-02 19:45:00-05:00,7.247,7.247,7.239,7.239,5.13,-0.09132648100633077
391,2023-04-02 20:00:00-05:00,7.239,7.239,7.239,7.239,0.0,-0.09132648100633076
392,2023-04-02 20:15:00-05:00,7.223,7.223,7.223,7.223,0.73,-1.5002608124984833
393,2023-04-02 20:30:00-05:00,7.206,7.206,7.134,7.139,1072.28,-96.04438747495294
394,2023-04-02 20:45:00-05:00,7.133,7.133,7.081,7.115,1247.32,-98.2713751488438
395,2023-04-02 21:00:00-05:00,7.13,7.146,7.13,7.143,358.54,-67.07384747253124
396,2023-04-02 21:15:00-05:00,7.148,7.148,7.148,7.148,4.4,-66.70242767109708
397,2023-04-02 21:30:00-05:00,7.158,7.158,7.158,7.158,2.02,-66.50634736639498
398,2023-04-02 21:45:00-05:00,7.145,7.145,7.145,7.145,2.79,-66.5690148079158
399,2023-04-02 22:00:00-05:00,7.145,7.145,7.145,7.145,0.0,-66.56901480791579
400,2023-04-02 22:15:00-05:00,7.156,7.156,7.156,7.156,1.39,-66.36255218643903
401,2023-04-02 22:30:00-05:00,7.156,7.156,7.156,7.156,0.0,-66.36255218643903
402,2023-04-02 22:45:00-05:00,7.156,7.156,7.156,7.156,0.0,-66.36255218643902
403,2023-04-02 23:00:00-05:00,7.156,7.156,7.156,7.156,0.0,-66.36255218643902
404,2023-04-02 23:15:00-05:00,7.139,7.139,7.121,7.121,22.9,-67.53755982947033
405,2023-04-02 23:30:00-05:00,7.121,7.121,7.121,7.121,0.0,-67.53755982947033
406,2023-04-02 23:45:00-05:00,7.121,7.121,7.121,7.121,0.0,-67.53755982947033
407,2023-04-03 00:00:00-05:00,7.121,7.121,7.121,7.121,0.0,-67.53755982947034
408,2023-04-03 00:15:00-05:00,7.163,7.172,7.163,7.172,15.02,-60.99921978814119
409,2023-04-03 00:30:00-05:00,7.18,7.204,7.18,7.199,52.8,-38.99673133777819
410,2023-04-03 00:45:00-05:00,7.18,7.18,7.168,7.168,54.61,-47.55080554474518
411,2023-04-03 01:00:00-05:00,7.168,7.168,7.168,7.168,0.0,-47.550805544745174
412,2023-04-03 01:15:00-05:00,7.168,7.168,7.168,7.168,0.0,-47.55080554474518
413,2023-04-03 01:30:00-05:00,7.201,7.201,7.201,7.201,0.74,-47.12136907034958
414,2023-04-03 01:45:00-05:00,7.209,7.22,7.208,7.22,10.98,-40.138508629546955
415,2023-04-03 02:00:00-05:00,7.22,7.22,7.22,7.22,1.62,-39.015247775288564
416,2023-04-03 02:15:00-05:00,7.219,7.227,7.219,7.227,15.41,-27.77431799073693
417,2023-04-03 02:30:00-05:00,7.235,7.24,7.235,7.24,15.43,-16.857235336994464
418,2023-04-03 02:45:00-05:00,7.243,7.247,7.243,7.247,11.48,-8.87173658944562
419,2023-04-03 03:00:00-05:00,7.249,7.298,7.247,7.293,102.05,35.992260039411754
420,2023-04-03 03:15:00-05:00,7.309,7.348,7.309,7.338,68.52,51.48183303642038
421,2023-04-03 03:30:00-05:00,7.349,7.352,7.345,7.352,6.37,52.709418099414826
422,2023-04-03 03:45:00-05:00,7.353,7.357,7.353,7.357,8.11,54.40415320244366
423,2023-04-03 04:00:00-05:00,7.357,7.37,7.353,7.37,27.57,60.02361252307211
424,2023-04-03 04:15:00-05:00,7.363,7.363,7.363,7.363,8.15,53.56798190948016
425,2023-04-03 04:30:00-05:00,7.373,7.373,7.373,7.373,80.29,68.16608463219751
426,2023-04-03 04:45:00-05:00,7.373,7.373,7.373,7.373,0.0,68.16608463219752
427,2023-04-03 05:00:00-05:00,7.333,7.333,7.316,7.32,105.39,8.534138879778942
428,2023-04-03 05:15:00-05:00,7.32,7.32,7.32,7.32,0.0,8.534138879778942
429,2023-04-03 05:30:00-05:00,7.32,7.32,7.32,7.32,0.0,8.534138879778942
430,2023-04-03 05:45:00-05:00,7.315,7.315,7.304,7.304,9.12,3.6482703060178476
431,2023-04-03 06:00:00-05:00,7.304,7.304,7.289,7.289,5.87,0.29516955962838765
432,2023-04-03 06:15:00-05:00,7.289,7.289,7.289,7.289,0.0,0.2951695596283876
433,2023-04-03 06:30:00-05:00,7.285,7.285,7.285,7.285,2.0,-1.155356023061791
434,2023-04-03 06:45:00-05:00,7.293,7.293,7.291,7.291,3.76,1.92162208567572
435,2023-04-03 07:00:00-05:00,7.293,7.293,7.29,7.29,2.89,-0.7556902776935268
436,2023-04-03 07:15:00-05:00,7.29,7.29,7.278,7.278,14.01,-13.469868110175309
437,2023-04-03 07:30:00-05:00,7.27,7.27,7.27,7.27,8.26,-20.406521146542605
438,2023-04-03 07:45:00-05:00,7.267,7.289,7.263,7.289,9.15,-9.215824372105189
439,2023-04-03 08:00:00-05:00,7.289,7.289,7.289,7.289,0.0,-9.215824372105189
440,2023-04-03 08:15:00-05:00,7.311,7.333,7.311,7.333,10.72,4.612459191152702
441,2023-04-03 08:30:00-05:00,7.34,7.349,7.336,7.336,14.81,20.631578357715192
442,2023-04-03 08:45:00-05:00,7.356,7.366,7.333,7.333,12.22,4.002941258379817
443,2023-04-03 09:00:00-05:00,7.333,7.333,7.333,7.333,0.0,4.002941258379817
444,2023-04-03 09:15:00-05:00,7.333,7.333,7.333,7.333,0.0,4.002941258379817
445,2023-04-03 09:30:00-05:00,7.315,7.315,7.267,7.281,516.13,-89.5410381605294
446,2023-04-03 09:45:00-05:00,7.265,7.265,7.237,7.237,112.45,-91.46979671047826
447,2023-04-03 10:00:00-05:00,7.241,7.241,7.231,7.231,11.82,-91.65641235188767
448,2023-04-03 10:15:00-05:00,7.266,7.266,7.266,7.266,2.71,-90.55359010830124
449,2023-04-03 10:30:00-05:00,7.267,7.267,7.257,7.257,6.21,-90.69515691394615
450,2023-04-03 10:45:00-05:00,7.267,7.267,7.267,7.267,0.73,-90.30831673008254
451,2023-04-03 11:00:00-05:00,7.27,7.27,7.27,7.27,2.81,-88.60895593318959
452,2023-04-03 11:15:00-05:00,7.27,7.27,7.27,7.27,0.0,-88.60895593318958
453,2023-04-03 11:30:00-05:00,7.245,7.245,7.23,7.23,8.1,-88.98638238449064
454,2023-04-03 11:45:00-05:00,7.23,7.23,7.23,7.23,0.0,-88.98638238449064
455,2023-04-03 12:00:00-05:00,7.226,7.226,7.212,7.212,18.46,-89.99247503233951
456,2023-04-03 12:15:00-05:00,7.25,7.25,7.25,7.25,0.73,-89.20383831327395
457,2023-04-03 12:30:00-05:00,7.267,7.292,7.267,7.292,14.9,-72.35479386090587
458,2023-04-03 12:45:00-05:00,7.292,7.298,7.281,7.281,27.28,-76.73211361747568
459,2023-04-03 13:00:00-05:00,7.309,7.328,7.289,7.289,25.84,-50.65968204480447
460,2023-04-03 13:15:00-05:00,7.278,7.333,7.278,7.33,10.63,-40.800117294641325
461,2023-04-03 13:30:00-05:00,7.342,7.402,7.339,7.377,99.97,17.667573879885968
462,2023-04-03 13:45:00-05:00,7.402,7.439,7.394,7.422,498.14,75.69519236162961
463,2023-04-03 14:00:00-05:00,7.439,7.439,7.429,7.429,385.89,85.08885344755528
464,2023-04-03 14:15:00-05:00,7.404,7.407,7.387,7.392,138.46,59.557763841099195
465,2023-04-03 14:30:00-05:00,7.392,7.392,7.392,7.392,0.0,59.557763841099195
466,2023-04-03 14:45:00-05:00,7.382,7.382,7.354,7.369,59.99,47.79776448257321
467,2023-04-03 15:00:00-05:00,7.351,7.351,7.158,7.172,1406.39,-50.63073261996106
468,2023-04-03 15:15:00-05:00,7.177,7.2,7.135,7.135,938.76,-67.36822519311896
469,2023-04-03 15:30:00-05:00,7.186,7.186,7.113,7.165,219.12,-53.36478577690342
470,2023-04-03 15:45:00-05:00,7.136,7.136,7.093,7.093,91.07,-55.163788573711294
471,2023-04-03 16:00:00-05:00,7.095,7.095,7.029,7.068,1594.13,-74.79890749604213
472,2023-04-03 16:15:00-05:00,7.067,7.083,7.051,7.083,714.09,-42.53582948794512
473,2023-04-03 16:30:00-05:00,7.086,7.104,7.086,7.104,43.75,-40.699992267673444
474,2023-04-03 16:45:00-05:00,7.113,7.148,7.113,7.148,122.56,-35.07646989789191
475,2023-04-03 17:00:00-05:00,7.155,7.182,7.155,7.182,30.28,-33.554770793121506
476,2023-04-03 17:15:00-05:00,7.184,7.24,7.184,7.237,157.46,-25.09878111551502
477,2023-04-03 17:30:00-05:00,7.243,7.249,7.223,7.223,111.18,-28.77291146287385
478,2023-04-03 17:45:00-05:00,7.223,7.235,7.223,7.235,6.92,-28.320857522367973
479,2023-04-03 18:00:00-05:00,7.245,7.27,7.24,7.264,220.63,-13.644432328728458
480,2023-04-03 18:15:00-05:00,7.267,7.282,7.267,7.281,107.48,-6.7797130664839305
481,2023-04-03 18:30:00-05:00,7.251,7.251,7.221,7.224,113.44,-13.1674036538605
482,2023-04-03 18:45:00-05:00,7.224,7.224,7.224,7.224,0.0,-13.167403653860502
483,2023-04-03 19:00:00-05:00,7.221,7.245,7.215,7.245,8.56,-12.393692715978466
484,2023-04-03 19:15:00-05:00,7.267,7.289,7.267,7.281,467.3,21.43887726544587
485,2023-04-03 19:30:00-05:00,7.286,7.29,7.222,7.236,93.5,13.547813362407325
486,2023-04-03 19:45:00-05:00,7.267,7.282,7.247,7.247,13.23,14.45535546735188
487,2023-04-03 20:00:00-05:00,7.268,7.271,7.226,7.226,200.67,-3.3089278087116902
488,2023-04-03 20:15:00-05:00,7.227,7.265,7.226,7.26,80.82,3.6411173885242336
489,2023-04-03 20:30:00-05:00,7.256,7.285,7.247,7.282,39.73,7.182927447267801
490,2023-04-03 20:45:00-05:00,7.283,7.288,7.258,7.273,16.59,5.317789430209354
491,2023-04-03 21:00:00-05:00,7.273,7.289,7.269,7.289,4.05,5.779624316021185
492,2023-04-03 21:15:00-05:00,7.292,7.299,7.281,7.281,33.7,1.0473900976243555
493,2023-04-03 21:30:00-05:00,7.302,7.302,7.289,7.289,10.04,2.546091765043304
494,2023-04-03 21:45:00-05:00,7.3,7.3,7.273,7.273,13.25,0.2343746175941707
495,2023-04-03 22:00:00-05:00,7.273,7.273,7.273,7.273,0.0,0.23437461759417072
496,2023-04-03 22:15:00-05:00,7.273,7.273,7.273,7.273,0.0,0.23437461759417072
497,2023-04-03 22:30:00-05:00,7.297,7.297,7.297,7.297,2.0,0.7531628235393629
498,2023-04-03 22:45:00-05:00,7.267,7.268,7.267,7.268,1.14,0.40975685201268963
499,2023-04-03 23:00:00-05:00,7.268,7.268,7.268,7.268,0.0,0.40975685201268963
